Symbol,Name,Last Sale,Net Change,% Change,Market Cap,Country,IPO Year,Volume,Sector,Industry
AAMC,Altisource Asset Management Corp Com,$16.97,0.29,1.739%,34759973.00,United States,,9037,Finance,Real Estate
AAU,Almaden Minerals Ltd. Common Shares,$0.5537,0.0071,1.299%,75979494.00,Canada,2015,1850891,Basic Industries,Precious Metals
ACU,Acme United Corporation. Common Stock,$40.00,0.11,0.276%,133556520.00,United States,1988,1648,Capital Goods,Industrial Machinery/Components
ACY,AeroCentury Corp. Common Stock,$7.40,-0.39,-5.006%,11439542.00,United States,,16727,Technology,Diversified Commercial Services
ADRA,Adara Acquisition Corp. Class A Common Stock,$9.65,0.0555,0.578%,0.00,United States,2021,240,,
AE,Adams Resources & Energy Inc. Common Stock,$32.32,-1.08,-3.234%,137392805.00,United States,,5563,Energy,Oil Refining/Marketing
AEF,Aberdeen Emerging Markets Equity Income Fund Inc. Common Stock,$8.47,0.05,0.594%,429867560.00,United States,,33644,,
AGE,AgeX Therapeutics Inc. Common Stock,$1.63,-0.14,-7.91%,61436407.00,,2018,129829,Health Care,Major Pharmaceuticals
AIM,AIM ImmunoTech Inc. Common Stock,$2.1899,-0.0601,-2.671%,86917157.00,United States,,322828,Health Care,Biotechnology: Biological Products (No Diagnostic Substances)
AINC,Ashford Inc. (Holding Company) Common Stock,$9.05,-0.27,-2.897%,25936983.00,United States,2014,37690,Consumer Services,Professional Services
AIRI,Air Industries Group Common Stock,$1.41,-0.02,-1.399%,44738955.00,United States,,140560,Capital Goods,Military/Government/Technical
AMBO,Ambow Education Holding Ltd. American Depository Shares each representing two Class A ordinary shares,$2.29,-0.10,-4.184%,53163119.00,China,,6013754,Consumer Services,Other Consumer Services
AMPE,Ampio Pharmaceuticals Inc.,$1.64,0.01,0.613%,320831770.00,United States,,828106,Health Care,Major Pharmaceuticals
AMS,American Shared Hospital Services Common Stock,$2.55,0.00,0.00%,14690550.00,United States,,13820,Health Care,Medical Specialities
ANVS,Annovis Bio Inc. Common Stock,$30.5001,-2.5099,-7.603%,211881267.00,United States,2020,101986,Health Care,Major Pharmaceuticals
APT,Alpha Pro Tech Ltd. Common Stock,$9.52,-0.28,-2.857%,129441127.00,Canada,,375519,Health Care,Industrial Specialties
ARMP,Armata Pharmaceuticals Inc. Common Stock,$4.89,-0.25,-4.864%,121958761.00,United States,,15300,Health Care,Biotechnology: Biological Products (No Diagnostic Substances)
ASM,Avino Silver & Gold Mines Ltd. Common Shares (Canada),$1.2218,-0.0482,-3.795%,121929829.00,Canada,,1181850,Basic Industries,Precious Metals
ASXC,Asensus Surgical Inc. Common Stock,$3.5803,-0.2197,-5.782%,832739657.00,United States,,4218128,Health Care,Medical/Dental Instruments
ATNM,Actinium Pharmaceuticals Inc. (Delaware) Common Stock,$8.295,-0.175,-2.066%,112700225.00,United States,,359041,Health Care,Major Pharmaceuticals
AUMN,Golden Minerals Company Common Stock,$0.6506,0.0104,1.624%,105702730.00,United States,,608355,Basic Industries,Precious Metals
AWX,Avalon Holdings Corporation Common Stock,$3.69,0.1126,3.148%,14388900.00,United States,,24440,Public Utilities,Environmental Services
AXU,Alexco Resource Corp Common Shares (Canada),$2.55,0.03,1.19%,361924494.00,Canada,,464075,Basic Industries,Precious Metals
BATL,Battalion Oil Corporation Common Stock,$11.19,-0.2522,-2.204%,182029487.00,,,62440,Energy,Oil & Gas Production
BCV,Bancroft Fund Ltd.,$29.7997,-0.1203,-0.402%,158683134.00,United States,,16383,,
BCV^A,Bancroft Fund Limited 5.375% Series A Cumulative Preferred Shares,$25.6013,0.0513,0.201%,,United States,,534,,
BDL,Flanigan's Enterprises Inc. Common Stock,$23.75,-0.165,-0.69%,44142866.00,United States,,618,Consumer Services,Restaurants
BDR,Blonder Tongue Laboratories Inc. Common Stock,$1.43,-0.07,-4.667%,16588968.00,United States,,256140,Technology,Radio And Television Broadcasting And Communications Equipment
BGI,Birks Group Inc. Common Stock,$3.5601,-0.0199,-0.556%,63978133.00,Canada,,74660,Consumer Services,Consumer Specialties
BHB,Bar Harbor Bankshares Inc. Common Stock,$28.74,0.16,0.56%,429338152.00,United States,,7135,Finance,Major Banks
BIOX,Bioceres Crop Solutions Corp. Ordinary Shares,$9.985,-0.035,-0.349%,402653383.00,,2018,50925,Basic Industries,Agricultural Chemicals
BKTI,BK Technologies Corporation Common Stock,$4.395,-0.115,-2.55%,54990091.00,United States,,31129,Technology,Radio And Television Broadcasting And Communications Equipment
BMTX,BM Technologies Inc. Common Stock,$12.45,0.03,0.242%,151893760.00,,2018,55897,Finance,Major Banks
BRBS,Blue Ridge Bankshares Inc. Common Stock,$22.10,-0.12,-0.54%,274040000.00,,,74903,Finance,Major Banks
BRG,Bluerock Residential Growth REIT Inc. Class A Common Stock,$10.68,0.59,5.847%,245400020.00,,2014,197354,Consumer Services,Real Estate Investment Trusts
BRG^C,Bluerock Residential Growth REIT Inc. 7.625% Series C Cumulative Redeemable Preferred Stock,$25.815,0.215,0.84%,,,,8018,,
BRG^D,Bluerock Residential Growth REIT Inc. 7.125% Series D Cumulative Preferred Stock ($0.01 par value per share),$25.34,-0.30,-1.17%,,,,7658,,
BRN,Barnwell Industries Inc. Common Stock,$2.71,-0.06,-2.166%,22431104.00,United States,,121255,Energy,Oil & Gas Production
BTG,B2Gold Corp Common shares (Canada),$4.56,0.07,1.559%,4796142008.00,Canada,,3167630,Basic Industries,Precious Metals
BTN,Ballantyne Strong Inc. Common Stock,$2.61,-0.04,-1.509%,47767030.00,United States,,98889,Miscellaneous,Industrial Machinery/Components
BTX,Brooklyn ImmunoTherapeutics Inc.,$4.67,-0.73,-13.519%,13901535.00,United States,,68250,,
BWL/A,Bowl America Inc.,$10.63,-0.0099,-0.093%,,United States,,870,,
CANF,Can-Fite Biopharma Ltd Sponsored ADR (Israel),$2.315,0.015,0.652%,35683368.00,Israel,,417375,Health Care,Major Pharmaceuticals
CCF,Chase Corporation Common Stock,$115.25,2.36,2.091%,1088696563.00,United States,,7709,Consumer Durables,Building Products
CDOR,Condor Hospitality Trust Inc. Common Stock,$3.41,0.08,2.402%,40988681.00,United States,,76368,Consumer Services,Real Estate Investment Trusts
CEI,Camber Energy Inc. Common Stock,$1.06,0.03,2.913%,37518847.00,United States,,1633961,Energy,Oil & Gas Production
CET,Central Securities Corporation Common Stock,$37.6586,0.2786,0.745%,988176840.00,United States,,5469,,
CEV,Eaton Vance California Municipal Income Trust Shares of Beneficial Interest,$13.20,0.07,0.533%,94163190.00,United States,1999,7180,,
CHAQ,Chardan Healthcare Acquisition 2 Corp. Common Stock,$10.11,-0.04,-0.394%,108968664.00,,2020,3569,Finance,Business Services
CHFW,Consonance-HFW Acquisition Corp. Class A Ordinary Shares,$9.75,0.07,0.723%,116356500.00,,2021,18720,,
CIK,Credit Suisse Asset Management Income Fund Inc. Common Stock,$3.3302,0.0102,0.307%,174185875.00,United States,,162237,,
CIX,CompX International Inc. Common Stock,$15.37,-0.12,-0.775%,191374283.00,United States,1998,2021,Capital Goods,Industrial Machinery/Components
CKX,CKX Lands Inc. Common Stock,$13.89,0.36,2.661%,26981256.00,United States,,264,Energy,Oil & Gas Production
CLM,Cornerstone Strategic Value Fund Inc. New Common Stock,$13.36,0.01,0.075%,1037703732.00,United States,1987,477444,,
CMCL,Caledonia Mining Corporation Plc Common Shares,$14.40,0.52,3.746%,174511051.00,Canada,,71527,Basic Industries,Precious Metals
CMT,Core Molding Technologies Inc Common Stock,$11.75,-0.04,-0.339%,99593552.00,United States,,4719,Consumer Non-Durables,Plastic Products
COHN,Cohen & Company Inc.,$25.1307,0.2507,1.008%,33398876.00,United States,,2766,Finance,Investment Bankers/Brokers/Service
CPHI,China Pharma Holdings Inc. Common Stock,$0.8299,-0.0101,-1.202%,37826474.00,China,,66943,Health Care,Major Pharmaceuticals
CQP,Cheniere Energy Partners LP Cheniere Energy Partners LP Common Units,$42.15,1.20,2.93%,20401490334.00,United States,2007,57121,Public Utilities,Oil/Gas Transmission
CRF,Cornerstone Total Return Fund Inc. (The) Common Stock,$13.302,0.042,0.317%,545962074.00,United States,,311491,,
CRHM,CRH Medical Corporation Common Shares of Beneficial Interest,$3.94,-0.01,-0.253%,282184561.00,,2015,733474,Health Care,Medical/Nursing Services
CTEK,CynergisTek Inc. Common Stock,$2.02,-0.07,-3.349%,21517139.00,United States,2017,60713,Miscellaneous,Business Services
CVM,Cel-Sci Corporation Common Stock,$16.20,-1.30,-7.429%,656574304.00,United States,,413691,Health Care,Biotechnology: Biological Products (No Diagnostic Substances)
CVR,Chicago Rivet & Machine Co. Common Stock,$25.00,-0.03,-0.12%,24153300.00,United States,,4033,Technology,Industrial Machinery/Components
CVU,CPI Aerostructures Inc. Common Stock,$4.39,-0.05,-1.126%,52466080.00,United States,,73442,Capital Goods,Military/Government/Technical
DHY,Credit Suisse High Yield Bond Fund Common Stock,$2.3801,0.0101,0.426%,246357968.00,United States,1998,1250471,,
DIT,AMCON Distributing Company Common Stock,$116.85,5.84,5.261%,64427468.00,United States,,233,Consumer Non-Durables,Food Distributors
DLA,Delta Apparel Inc. Common Stock,$26.49,0.04,0.151%,184758743.00,United States,,14592,Consumer Non-Durables,Apparel
DMF,BNY Mellon Municipal Income Inc. Common Stock,$8.64,0.06,0.699%,179286895.00,United States,1988,20403,,
DNN,Denison Mines Corp Ordinary Shares (Canada),$1.05,0.01,0.962%,841972165.00,Canada,,11013256,Basic Industries,Precious Metals
DPW,Ault Global Holdings Inc. Common Stock,$3.055,-0.235,-7.143%,150658736.00,United States,,3496464,Capital Goods,Industrial Machinery/Components
DSS,Document Security Systems Inc. Common Stock,$3.9493,-0.1907,-4.606%,109277625.00,United States,,1826267,Consumer Durables,Containers/Packaging
DXF,Dunxin Financial Holdings Limited American Depositary Shares,$1.44,0.02,1.408%,30059811.00,China,,213778,Finance,Finance: Consumer Services
DXR,Daxor Corporation Common Stock,$12.0601,0.2201,1.859%,48648960.00,United States,,1173,Health Care,Medical/Dental Instruments
EAD,Wells Fargo Income Opportunities Fund Common Shares,$8.35,0.05,0.602%,505894887.00,United States,2003,86600,,
ECF,Ellsworth Growth and Income Fund Ltd.,$13.26,0.03,0.227%,175099056.00,United States,1986,41202,,
ECF^A,Ellsworth Growth and Income Fund Ltd. 5.25% Series A Cumulative Preferred Shares (Liquidation Preference $25.00 per share),$25.75,0.00,0.00%,,United States,,76,,
EIM,Eaton Vance Municipal Bond Fund Common Shares of Beneficial Interest $.01 par value,$13.13,0.05,0.382%,944745306.00,United States,2002,134426,,
ELA,Envela Corporation Common Stock,$5.19,-0.06,-1.143%,139737537.00,United States,,20973,Consumer Services,Consumer Specialties
ELLO,Ellomay Capital Ltd Ordinary Shares (Israel),$30.64,0.00,0.00%,387660160.00,Israel,,21,Public Utilities,Electric Utilities: Central
ELMD,Electromed Inc. Common Stock,$10.58,-0.05,-0.47%,91358776.00,United States,2011,19685,Health Care,Biotechnology: Electromedical & Electrotherapeutic Apparatus
EMAN,eMagin Corporation Common Stock,$3.42,0.04,1.183%,243227606.00,United States,,472751,Technology,Semiconductors
EMX,EMX Royalty Corporation Common Shares (Canada),$2.95,0.03,1.027%,248795507.00,Canada,,179153,Basic Industries,Precious Metals
ENSV,Enservco Corporation Common Stock,$1.7824,-0.0176,-0.978%,18304262.00,United States,,201887,Energy,Oilfield Services/Equipment
ENX,Eaton Vance New York Municipal Bond Fund Common Shares of Beneficial Interest $.01 par value,$12.23,0.08,0.658%,221586736.00,United States,2002,9309,,
EPM,Evolution Petroleum Corporation Inc. Common Stock,$3.34,-0.01,-0.299%,111858437.00,United States,,118708,Energy,Oil & Gas Production
EQX,Equinox Gold Corp. Common Shares,$8.075,0.015,0.186%,1960769013.00,Canada,,669666,Basic Industries,Precious Metals
ERC,Wells Fargo Multi-Sector Income Fund Common Stock no par value,$12.38,0.01,0.081%,348275249.00,United States,2003,40263,,
ERH,Wells Fargo Utilities and High Income Fund,$12.821,-0.019,-0.148%,118915608.00,,2004,15061,,
ESP,Espey Mfg. & Electronics Corp. Common Stock,$16.0051,0.0051,0.032%,43255911.00,United States,,1455,Capital Goods,Industrial Machinery/Components
EVBN,Evans Bancorp Inc. Common Stock,$33.15,0.18,0.546%,179971118.00,United States,,4017,Finance,Major Banks
EVI,EVI Industries Inc.  Common Stock,$28.10,-1.68,-5.641%,344264031.00,United States,,59193,Consumer Services,Other Consumer Services
EVM,Eaton Vance California Municipal Bond Fund Common Shares of Beneficial Interest $.01 par value,$11.53,-0.04,-0.346%,288184729.00,United States,2002,45639,,
EVV,Eaton Vance Limited Duration Income Fund Common Shares of Beneficial Interest,$12.6499,-0.0001,-0.001%,1469248163.00,United States,2003,195121,,
EVY,Eaton Vance New York Municipal Income Trust Shares of Beneficial Interest,$14.40,-0.02,-0.139%,77786323.00,United States,1999,1918,,
EXN,Excellon Resources Inc. Common Shares,$3.01,0.05,1.689%,97440063.00,,2020,26553,Basic Industries,Precious Metals
FAX,Aberdeen Asia-Pacific Income Fund Inc Common Stock,$4.08,0.01,0.246%,1010598738.00,United States,1986,534786,,
FCO,Aberdeen Global Income Fund Inc. Common Stock,$8.21,-0.03,-0.364%,71681067.00,United States,1992,33651,,
FEN,First Trust Energy Income and Growth Fund,$13.19,0.15,1.15%,256487068.00,United States,2004,44531,,
FRD,Friedman Industries Inc. Common Stock,$8.05,0.01,0.124%,55592084.00,United States,,16117,Capital Goods,Steel/Iron Ore
FSI,Flexible Solutions International Inc. Common Stock (CDA),$4.02,-0.09,-2.19%,49206991.00,Canada,,12647,Basic Industries,Major Chemicals
FSP,Franklin Street Properties Corp. Common Stock,$5.54,0.08,1.465%,594598222.00,United States,,302365,Consumer Services,Real Estate Investment Trusts
FTF,Franklin Limited Duration Income Trust Common Shares of Beneficial Interest,$9.26,0.01,0.108%,279085612.00,United States,2003,94918,,
FTSI,FTS International Inc. Class A Common Stock,$24.47,0.12,0.493%,342334566.00,United States,2020,41564,Energy,Oilfield Services/Equipment
FURY,Fury Gold Mines Limited Common Shares,$1.2199,0.0299,2.513%,143733323.00,,2020,200420,Basic Industries,Precious Metals
GAU,Galiano Gold Inc.,$1.13,0.01,0.893%,253406480.00,Canada,,631660,Basic Industries,Mining & Quarrying of Nonmetallic Minerals (No Fuels)
GBR,New Concept Energy Inc Common Stock,$4.21,0.02,0.477%,21605446.00,United States,,335285,Energy,Oil & Gas Production
GDP,Goodrich Petroleum Corporation Common Stock,$9.30,0.02,0.216%,124641306.00,United States,2017,24856,Energy,Oil & Gas Production
GGN,GAMCO Global Gold Natural Resources & Income Trust,$3.4983,0.0383,1.107%,546168701.00,United States,2005,690704,,
GGN^B,GAMCO Global Gold Natural Reources & Income Trust 5.00% Series B Cumulative 25.00 Liquidation Preference,$25.42,0.135,0.534%,,United States,,645,,
GGO,The Gabelli Go Anywhere Trust Common Shares of Beneficial Interest,$14.99,0.00,0.00%,23210921.00,,2016,2,,
GGO^A,The Gabelli Go Anywhere Trust Series A Cumulative Puttable and Callable Preferred Shares,$40.4986,-0.0495,-0.122%,,,,555,,
GLDG,GoldMining Inc. Common Shares,$1.66,-0.01,-0.599%,246895356.00,,,203503,Basic Industries,Precious Metals
GLO,Clough Global Opportunities Fund Common Stock,$12.18,0.06,0.495%,392493338.00,United States,2006,95475,,
GLQ,Clough Global Equity Fund Clough Global Equity Fund Common Shares of Beneficial Interest,$15.00,0.02,0.134%,198462435.00,United States,2005,77413,,
GLU,Gabelli Global Utility Common Shares of Beneficial Ownership,$19.51,0.10,0.515%,104838507.00,United States,2004,4939,,
GLU^A,The Gabelli Global Utility and Income Trust Series A Cumulative Puttable and Callable Preferred Shares,$44.63,0.00,0.00%,,United States,,10,,
GLU^B,The Gabelli Global Utility and Income Trust Series B Cumulative Puttable and Callable Preferred Shares,$51.95,0.00,0.00%,,United States,,601,,
GLV,Clough Global Dividend and Income Fund Common Shares of beneficial interest,$11.42,0.28,2.513%,96016208.00,United States,2004,46066,,
GOED,1847 Goedeker Inc. Commom Stock,$9.09,0.10,1.112%,55550808.00,United States,2020,10754,Consumer Services,Home Furnishings
GORO,Gold Resource Corporation Common Stock,$2.67,0.01,0.376%,198752677.00,United States,,549365,Basic Industries,Precious Metals
GPL,Great Panther Mining Limited Ordinary Shares (Canada),$0.775,0.0142,1.866%,275179570.00,Canada,,797143,Basic Industries,Precious Metals
GRF,Eagle Capital Growth Fund Inc. Common Stock,$8.39,-0.01,-0.119%,34183553.00,United States,,663,,
GROY,Gold Royalty Corp. Common Shares,$4.5988,0.0288,0.63%,187746010.00,,2021,105947,Basic Industries,Precious Metals
GSAT,Globalstar Inc. Common Stock,$1.30,-0.09,-6.475%,2181242354.00,United States,2006,6567701,Consumer Services,Telecommunications Equipment
GSS,Golden Star Resources Ltd Common Stock,$3.085,-0.015,-0.484%,343402441.00,United States,,236135,Basic Industries,Precious Metals
GSV,Gold Standard Ventures Corporation Common Stock (Canada),$0.6044,0.0332,5.812%,216058618.00,Canada,,3161937,Basic Industries,Mining & Quarrying of Nonmetallic Minerals (No Fuels)
GTE,Gran Tierra Energy Inc. Common Stock,$0.6959,-0.0041,-0.586%,255382465.00,Canada,,4767778,Energy,Oil & Gas Production
HLM^,Hillman Group Capital Trust Preferred Stock,$26.135,0.235,0.907%,,United States,,6731,,
HMG,HMG/Courtland Properties Inc. Common Stock,$11.75,0.00,0.00%,11835164.00,United States,,104,Consumer Services,Real Estate Investment Trusts
HNW,Pioneer Diversified High Income Trust Pioneer Diversified High Income Trust Common Shares of Beneficial Interest,$14.59,0.005,0.034%,121575406.00,United States,2007,24581,,
HUSA,Houston American Energy Corporation Common Stock,$2.0814,0.0414,2.029%,18912096.00,United States,,380829,Energy,Oil & Gas Production
HWM^,Howmet Aerospace Inc. $3.75 Preferred Stock,$76.24,0.00,0.00%,,United States,,125,,
IAF,Aberdeen Australia Equity Fund Inc Common Stock,$5.80,0.05,0.87%,134133706.00,United States,,28866,,
IBIO,iBio Inc. Common Stock,$1.59,-0.03,-1.852%,343455790.00,United States,,1929887,Health Care,Major Pharmaceuticals
ID,PARTS iD Inc. Class A Common Stock,$7.21,-0.07,-0.962%,237017625.00,United States,2017,97214,Technology,Advertising
IGC,India Globalization Capital Inc. Common Stock,$1.69,-0.01,-0.588%,76669086.00,United States,,1068701,Technology,Electronic Components
IHT,InnSuites Hospitality Trust Shares of Beneficial Interest,$2.35,-0.05,-2.083%,21367164.00,United States,,5412,Consumer Services,Real Estate Investment Trusts
IMH,Impac Mortgage Holdings Inc. Common Stock ,$2.01,-0.07,-3.365%,42868645.00,United States,1997,88228,Consumer Services,Real Estate Investment Trusts
IMO,Imperial Oil Limited Common Stock,$24.66,0.40,1.649%,18102332778.00,Canada,,478240,Energy,Integrated oil Companies
INDO,Indonesia Energy Corporation Limited Ordinary Shares,$6.40,0.19,3.06%,47410912.00,,2019,14656,Energy,Oil & Gas Production
INFU,InfuSystems Holdings Inc. Common Stock,$19.85,-0.25,-1.244%,403682919.00,United States,,58382,Health Care,Medical/Dental Instruments
INS,Intelligent Systems Corporation Common Stock,$39.355,0.785,2.035%,351396269.00,United States,1992,69343,Technology,Computer Software: Prepackaged Software
INTT,inTest Corporation Common Stock,$10.90,0.26,2.444%,114767441.00,United States,1997,112863,Capital Goods,Electrical Products
INUV,Inuvo Inc.,$1.065,-0.015,-1.389%,126219757.00,United States,,5126341,Consumer Services,Advertising
IOR,Income Opportunity Realty Investors Inc. Common Stock,$11.291,0.00,0.00%,47063304.00,United States,,3,Consumer Services,Real Estate Investment Trusts
ISDR,Issuer Direct Corporation Common Stock,$21.01,-0.53,-2.461%,79228752.00,United States,,7127,Miscellaneous,Publishing
ISR,IsoRay Inc. Common Stock (DE),$1.1061,-0.0839,-7.05%,156181157.00,United States,,1648328,Health Care,Medical/Dental Instruments
ITP,IT Tech Packaging Inc. Common Stock,$0.66,0.0023,0.35%,65319144.00,China,,3285858,Consumer Durables,Containers/Packaging
ITRG,Integra Resources Corp. Common Shares,$2.90,0.06,2.113%,158911039.00,,,13454,Basic Industries,Precious Metals
JOB,GEE Group Inc. Common Stock,$1.5599,-0.0301,-1.893%,27558945.00,United States,,125509,Technology,Diversified Commercial Services
KIQ,Kelso Technologies Inc Ordinary Shares,$1.0394,0.0594,6.061%,56304387.00,Canada,,12483585,Capital Goods,Railroads
KLR,Kaleyra Inc. Common Stock,$14.595,-0.165,-1.118%,442063387.00,United States,2018,234454,Technology,EDP Services
LCTX,Lineage Cell Therapeutics Inc. Common Stock,$2.30,0.01,0.437%,344957098.00,United States,,669560,Health Care,Biotechnology: Biological Products (No Diagnostic Substances)
LEU,Centrus Energy Corp. Class A Common Stock,$23.64,-0.66,-2.716%,316300269.00,United States,2014,109081,Basic Industries,Mining & Quarrying of Nonmetallic Minerals (No Fuels)
LGL,LGL Group Inc. (The) Common Stock,$11.24,-0.03,-0.266%,59115049.00,United States,,6692,Capital Goods,Industrial Machinery/Components
LNG,Cheniere Energy Inc. Common Stock,$73.005,0.535,0.738%,18508890850.00,United States,,482969,Public Utilities,Oil/Gas Transmission
LODE,Comstock Mining Inc. Common Stock,$4.71,-0.43,-8.366%,199965476.00,United States,,1096268,Basic Industries,Precious Metals
LOV,Spark Networks Inc. American Depositary Shares (each representing one-tenth of an Ordinary Share),$6.23,-0.03,-0.479%,162334362.00,United States,2017,44897,Consumer Services,Other Consumer Services
LSF,Laird Superfood Inc. Common Stock,$34.15,-1.43,-4.019%,303776271.00,,2020,34524,Consumer Non-Durables,Packaged Foods
LXFR,Luxfer Holdings PLC Ordinary Shares,$20.57,0.33,1.63%,568475667.00,United Kingdom,2012,42071,Basic Industries,Major Chemicals
MAG,MAG Silver Corporation Ordinary Shares,$15.2399,0.0599,0.395%,1443878143.00,Canada,,327833,Basic Industries,Precious Metals
MCF,Contango Oil & Gas Company Common Stock (TX),$4.22,0.01,0.238%,840400256.00,United States,,399665,Energy,Oil & Gas Production
MHH,Mastech Digital Inc Common Stock,$18.30,0.66,3.741%,208948540.00,United States,,24773,Consumer Services,Professional Services
MLSS,Milestone Scientific Inc. Common Stock,$3.42,-0.19,-5.263%,217831664.00,United States,2015,238843,Health Care,Industrial Specialties
MMX,Maverix Metals Inc. Common Shares,$5.225,-0.005,-0.096%,736765818.00,,,83626,Basic Industries,Precious Metals
MSN,Emerson Radio Corporation Common Stock,$1.32,0.00,0.00%,27776301.00,United States,,55155,Consumer Non-Durables,Consumer Electronics/Appliances
MTA,Metalla Royalty & Streaming Ltd. Common Shares,$8.54,0.26,3.14%,349411615.00,,,149129,Basic Industries,Precious Metals
MTNB,Matinas Biopharma Holdings Inc. Common Stock,$1.09,-0.03,-2.679%,217609516.00,United States,2017,1316824,Health Care,Major Pharmaceuticals
MXC,Mexco Energy Corporation Common Stock,$9.09,1.33,17.139%,18831444.00,United States,,293575,Energy,Oil & Gas Production
MYO,Myomo Inc. Common Stock,$13.10,0.19,1.472%,73135597.00,United States,2017,54434,Health Care,Industrial Specialties
NAK,Northern Dynasty Minerals Ltd. Common Stock,$0.608,-0.0245,-3.874%,309500352.00,Canada,,8890008,Basic Industries,Precious Metals
NAVB,Navidea Biopharmaceuticals Inc. Common Stock,$2.06,-0.02,-0.962%,57648418.00,United States,,282555,Health Care,Biotechnology: In Vitro & In Vivo Diagnostic Substances
NBA,New Beginnings Acquisition Corp. Common Stock,$9.95,0.025,0.252%,148454000.00,,2020,9609,Finance,Business Services
NBH,Neuberger Berman Municipal Fund Inc. Common Stock,$16.31,0.35,2.193%,306923146.00,United States,2002,13430,,
NBO,Neuberger Berman New York Municipal Fund Inc. Common Stock,$12.30,-0.02,-0.162%,62452229.00,United States,2002,2597,,
NBW,Neuberger Berman California Municipal Fund Inc Common Stock,$13.4361,-0.0239,-0.178%,74584382.00,United States,2002,851,,
NBY,NovaBay Pharmaceuticals Inc. Common Stock,$0.9035,-0.0766,-7.816%,37750565.00,United States,2007,1148163,Health Care,Major Pharmaceuticals
NEN,New England Realty Associates Limited Partnership Class A Depositary Receipts Evidencing Units of Limited Partnership,$54.9444,-0.8056,-1.445%,200695190.00,United States,,902,Consumer Services,Building operators
NES,Nuverra Environmental Solutions Inc. Common Stock,$2.465,0.065,2.708%,39446098.00,United States,2017,36328,Energy,Oilfield Services/Equipment
NG,Novagold Resources Inc.,$9.00,0.18,2.041%,2981885580.00,Canada,,452999,Basic Industries,Precious Metals
NGD,New Gold Inc.,$1.635,0.025,1.553%,1112617500.00,Canada,,2208792,Basic Industries,Precious Metals
NHC,National HealthCare Corporation Common Stock,$76.90,2.86,3.863%,1181956230.00,United States,,27326,Health Care,Hospital/Nursing Management
NHS,Neuberger Berman High Yield Strategies Fund,$12.49,-0.04,-0.319%,244061907.00,United States,,32947,,
NML,Neuberger Berman MLP and Energy Income Fund Inc. Common Stock,$4.15,0.08,1.966%,235134551.00,,2013,155430,,
NNVC,NanoViricides Inc. Common Stock,$4.878,-0.622,-11.309%,52082406.00,United States,,302066,Health Care,Major Pharmaceuticals
NOG,Northern Oil and Gas Inc. Common Stock,$12.465,0.125,1.013%,753150258.00,United States,,621257,,
NRO,Neuberger Berman Real Estate Securities Income Fund Inc. Neuberger Berman Real Estate Securities Income Fund Inc.,$4.42,-0.01,-0.226%,209598172.00,United States,2003,185420,,
NSPR,InspireMD Inc. Common Stock,$0.6517,-0.0247,-3.652%,76791262.00,Israel,,1963973,Health Care,Medical/Dental Instruments
NTIP,Network-1 Technologies Inc. Common Stock,$3.16,0.00,0.00%,75944520.00,United States,,3657,Miscellaneous,Multi-Sector Companies
NXE,Nexgen Energy Ltd. Common Shares,$3.455,0.075,2.219%,1621548690.00,,,1364223,Basic Industries,Precious Metals
OGEN,Oragenics Inc. Common Stock,$0.9048,-0.0396,-4.193%,99207808.00,United States,,2469806,Health Care,Major Pharmaceuticals
ORLA,Orla Mining Ltd. Common Shares,$3.81,-0.06,-1.55%,873579660.00,,2020,120220,Basic Industries,Precious Metals
PCG^A,Pacific Gas & Electric Co. 6% Preferred Stock,$28.80,-0.4801,-1.64%,,United States,,779,,
PCG^B,Pacific Gas & Electric Co. 5 1/2% Preferred Stock,$26.5501,-0.0999,-0.375%,,United States,,400,,
PCG^D,Pacific Gas & Electric Co. 5% 1st  Red. Preferred Stock,$24.52,-0.1801,-0.729%,,United States,,200,,
PCG^G,Pacific Gas & Electric Co. 4.80% 1st Preferred Stock,$23.57,0.00,0.00%,,United States,,45,,
PCG^H,Pacific Gas & Electric Co. 4.50% 1st Preferred Stock,$23.01,-0.12,-0.519%,,United States,,511,,
PCG^I,Pacific Gas & Electric Co. 4.36% 1st Preferred Stock,$22.40,-0.36,-1.582%,,United States,,299,,
PED,Pedevco Corp. Common Stock,$1.482,-0.068,-4.387%,117732456.00,United States,,229073,Energy,Oil & Gas Production
PHGE,BiomX Inc. COmmon Stock,$7.08,-0.08,-1.117%,164589128.00,,2019,11572,Health Care,Biotechnology: Biological Products (No Diagnostic Substances)
PLAG,Planet Green Holdings Corp. Common Stock,$2.33,0.02,0.866%,44800692.00,China,,12671,Consumer Non-Durables,Packaged Foods
PLG,Platinum Group Metals Ltd. Ordinary Shares (Canada),$3.7502,-0.0598,-1.57%,276875867.00,Canada,,255375,Basic Industries,Precious Metals
PLM,Polymet Mining Corporation Ordinary Shares (Canada),$3.09,0.00,0.00%,311267374.00,Canada,,134109,Basic Industries,Precious Metals
PLX,Protalix BioTherapeutics Inc. (DE) Common Stock,$4.70,-0.09,-1.879%,213299306.00,Israel,,255258,Health Care,Biotechnology: Biological Products (No Diagnostic Substances)
PLYM^A,Plymouth Industrial REIT Inc. 7.50% Series A Cumulative Redeemable Preferred Stock,$26.8781,0.0481,0.179%,,United States,,271,,
PRK,Park National Corporation Common Stock,$133.23,3.10,2.382%,2173452934.00,United States,,12549,Finance,Major Banks
PTK,PTK Acquisition Corp. Common Stock,$9.75,0.00,0.00%,140156250.00,United States,2020,1333,Finance,Business Services
PTN,Palatin Technologies Inc. Common Stock,$0.7587,0.0637,9.165%,174527029.00,United States,,7842191,Health Care,Major Pharmaceuticals
PW,Power REIT (MD) Common Stock,$46.70,3.45,7.977%,154088191.00,United States,,28017,Consumer Services,Real Estate Investment Trusts
PW^A,Power REIT 7.75% Series A Cumulative Perpetual Preferred Stock,$26.14,0.00,0.00%,,United States,,74,,
PZG,Paramount Gold Nevada Corp. Common Stock,$1.005,0.0219,2.228%,36407679.00,United States,2015,147766,Basic Industries,Precious Metals
RCG,RENN Fund Inc Common Stock,$2.60,0.02,0.775%,15475086.00,United States,,9941,,
REI,Ring Energy Inc. Common Stock,$2.465,0.055,2.282%,244482612.00,United States,,2480347,Energy,Oil & Gas Production
REPX,Riley Exploration Permian Inc. Common Stock,$22.90,2.12,10.202%,407859763.00,United States,,10443,Energy,Oil & Gas Production
RHE,Regional Health Properties Inc. Common Stock,$4.6636,-0.1064,-2.231%,7873178.00,,2017,34335,Consumer Services,Real Estate
RHE^A,Regional Health Properties Inc. 10.875% Series A Cumulative Redeemable Preferred Stock,$2.62,-0.11,-4.029%,,,,4900,,
RLGT,Radiant Logistics Inc. Common Stock,$6.615,0.035,0.532%,330535270.00,United States,,190917,Transportation,Oil Refining/Marketing
RMED,Ra Medical Systems Inc. Common Stock,$5.16,-0.28,-5.147%,16818194.00,,2018,429673,Health Care,Medical/Dental Instruments
RVP,Retractable Technologies Inc. Common Stock,$11.31,-0.14,-1.223%,382465791.00,United States,,242338,Health Care,Medical/Dental Instruments
SACC,Sachem Capital Corp. 6.875% Notes due 2024,$25.16,0.03,0.119%,0.00,United States,2019,4585,Consumer Services,Real Estate Investment Trusts
SACH,Sachem Capital Corp. Common Shares,$5.19,0.00,0.00%,114827717.00,United States,2017,175385,Consumer Services,Real Estate Investment Trusts
SCCB,Sachem Capital Corp. 7.125% Notes due 2024,$25.62,-0.21,-0.813%,0.00,United States,2019,283,Consumer Services,Real Estate Investment Trusts
SCCC,Sachem Capital Corp. 7.75% Notes due 2025,$25.65,-0.02,-0.078%,0.00,United States,2020,3062,Consumer Services,Real Estate Investment Trusts
SDPI,Superior Drilling Products Inc. Common Stock,$0.835,0.0065,0.785%,21511556.00,,2014,173357,Energy,Metal Fabrications
SEB,Seaboard Corporation Common Stock,$3588.70,-1.29,-0.036%,4165687597.00,United States,1996,185,Consumer Services,Farming/Seeds/Milling
SENS,Senseonics Holdings Inc. Common Stock,$2.70,-0.18,-6.25%,1020284821.00,United States,,12451795,Capital Goods,Industrial Machinery/Components
SIF,SIFCO Industries Inc. Common Stock,$12.14,0.17,1.42%,72345040.00,United States,,29448,Capital Goods,Aerospace
SILV,SilverCrest Metals Inc. Common Shares,$8.07,0.09,1.128%,1164968769.00,,2018,422224,Basic Industries,Precious Metals
SIM,Grupo Simec S.A.B. de C.V. American Depositary Shares,$11.2115,-1.0818,-8.80%,1860022281.00,Mexico,1993,2400,Basic Industries,Steel/Iron Ore
SMTS,Sierra Metals Inc. Common Stock,$3.174,0.034,1.083%,516760695.00,,,291781,Basic Industries,Precious Metals
SNMP,Evolve Transition Infrastructure LP Common Stock,$1.035,-0.085,-7.589%,56442269.00,United States,,595221,Energy,Oil & Gas Production
SSY,SunLink Health Systems Inc. Common Stock,$2.445,0.085,3.602%,16868840.00,United States,,294159,Health Care,Hospital/Nursing Management
STXS,Stereotaxis Inc. Common Stock,$6.74,-0.17,-2.46%,497133732.00,United States,,116617,Health Care,Biotechnology: Electromedical & Electrotherapeutic Apparatus
SVM,Silvercorp Metals Inc. Common Shares,$4.95,0.08,1.643%,868023149.00,,,704066,Basic Industries,Precious Metals
SVT,Servotronics Inc. Common Stock,$8.80,-0.01,-0.114%,21898158.00,United States,,568,Capital Goods,Industrial Machinery/Components
SYN,Synthetic Biologics Inc. Common Stock,$0.6831,-0.0169,-2.414%,88567040.00,United States,,3187617,Health Care,Major Pharmaceuticals
TGB,Taseko Mines Ltd. Common Stock,$1.70,0.05,3.03%,481152741.00,Canada,,1579343,Basic Industries,Precious Metals
THM,International Tower Hill Mines Ltd. Ordinary Shares (Canada),$1.10,0.03,2.804%,214399002.00,Canada,,171705,Basic Industries,Precious Metals
TKAT,Takung Art Co. Ltd. Common Stock,$38.49,-1.01,-2.557%,433835378.00,,,2351741,Consumer Services,Other Specialty Stores
TMBR,Timber Pharmaceuticals Inc. Common Stock,$1.825,-0.005,-0.273%,21624482.00,United States,2015,1523784,Health Care,Major Pharmaceuticals
TMP,Tompkins Financial Corporation Common Stock,$84.48,0.81,0.968%,1265495616.00,United States,,17255,Finance,Major Banks
TMQ,Trilogy Metals Inc. Common Stock,$2.165,0.085,4.087%,312162103.00,Canada,,115967,Basic Industries,Precious Metals
TPHS,Trinity Place Holdings Inc. Common Stock,$2.01,0.01,0.50%,64665935.00,,,10765,Consumer Services,Building operators
TRT,Trio-Tech International Common Stock,$4.73,0.09,1.94%,17550925.00,United States,,155536,Technology,Industrial Machinery/Components
TRX,Tanzanian Gold Corporation Common Stock,$0.5955,0.0046,0.778%,149234822.00,Canada,,1872229,Basic Industries,Precious Metals
UAMY,United States Antimony Corporation Common Stock,$1.0914,-0.0686,-5.914%,112196029.00,United States,,1485004,Capital Goods,Metal Fabrications
UAVS,AgEagle Aerial Systems Inc. Common Stock,$6.3563,-0.3937,-5.833%,373760438.00,United States,,2062623,Capital Goods,Aerospace
UEC,Uranium Energy Corp. Common Stock,$2.965,0.205,7.428%,667908083.00,Canada,,6722155,Basic Industries,Precious Metals
UFAB,Unique Fabricating Inc. Common Stock,$6.40,0.05,0.787%,62586541.00,United States,2015,1114,Capital Goods,Auto Parts:O.E.M.
URG,Ur Energy Inc Common Shares (Canada),$1.22,0.08,7.018%,230422986.00,Canada,,2215205,Basic Industries,Precious Metals
USAS,Americas Gold and Silver Corporation Common Shares no par value,$2.0882,-0.0618,-2.874%,277817158.00,,2017,1479899,Basic Industries,Precious Metals
UTG,Reaves Utility Income Fund Common Shares of Beneficial Interest,$32.94,0.10,0.305%,1834657204.00,United States,2004,178708,,
UUU,Universal Security Instruments Inc. Common Stock,$6.49,0.09,1.406%,15010637.00,United States,,123722,Technology,Electronic Components
UUUU,Energy Fuels Inc Ordinary Shares (Canada),$6.02,0.23,3.972%,846206862.00,,,3119096,Basic Industries,Mining & Quarrying of Nonmetallic Minerals (No Fuels)
VCF,Delaware Investments Colorado Municipal Income Fund Inc  Common Stock,$14.10,0.01,0.071%,68203110.00,United States,1993,3592,,
VFL,Delaware Investments National Municipal Income Fund Common Stock,$13.1001,-0.0799,-0.606%,59323056.00,United States,1993,8286,,
VGZ,Vista Gold Corp Common Stock,$1.06,0.02,1.923%,110026858.00,United States,,569923,Basic Industries,Precious Metals
VHAQ,Viveon Health Acquisition Corp. Common Stock,$9.85,0.025,0.254%,247789063.00,,2021,152226,Finance,Business Services
VKI,Invesco Advantage Municipal Income Trust II Common Shares of Beneficial Interest (DE),$11.86,0.0903,0.767%,526483795.00,United States,,39098,,
VMM,Delaware Investments Minnesota Municipal Income Fund II Inc. Common Stock,$13.16,-0.01,-0.076%,151405471.00,United States,1993,14599,,
VNRX,VolitionRX Limited Common Stock,$3.51,-0.08,-2.228%,185576884.00,Singapore,2015,179134,Health Care,Biotechnology: In Vitro & In Vivo Diagnostic Substances
VOLT,Volt Information Sciences Inc. Common Stock,$3.80,-0.09,-2.314%,82598985.00,United States,,307043,Technology,Professional Services
WLMS,Williams Industrial Services Group Inc. Common Stock,$3.27,-0.0482,-1.453%,82850165.00,,2021,16566,Basic Industries,Military/Government/Technical
WRN,Western Copper and Gold Corporation Common Stock,$1.295,0.005,0.388%,175598937.00,Canada,2011,508900,Basic Industries,Precious Metals
WTT,Wireless Telecom Group  Inc. Common Stock,$1.75,-0.03,-1.685%,37905557.00,United States,,25777,Capital Goods,Telecommunications Equipment
WWR,Westwater Resources Inc. Common Stock,$5.18,-0.10,-1.894%,152359438.00,United States,,1414514,Basic Industries,Precious Metals
WYY,WidePoint Corporation Common Stock,$9.62,-0.30,-3.024%,81373021.00,United States,,82828,Technology,EDP Services
XPL,Solitario Zinc Corp. Common Stock,$0.8168,-0.0113,-1.365%,47684062.00,United States,,725917,Basic Industries,Precious Metals
XTNT,Xtant Medical Holdings Inc. Common Stock,$2.432,-0.058,-2.329%,210872120.00,United States,,85326,Health Care,Biotechnology: Biological Products (No Diagnostic Substances)
XXII,22nd Century Group Inc. Common Stock,$3.015,-0.015,-0.495%,451089255.00,United States,,1417554,Consumer Non-Durables,Farming/Seeds/Milling
YCBD,cbdMD Inc. Common Stock,$3.815,-0.105,-2.679%,199475336.00,United States,2017,296862,Consumer Non-Durables,Package Goods/Cosmetics
YCBD^A,cbdMD Inc. 8.0% Series A Cumulative Convertible Preferred Stock,$9.00,0.13,1.466%,,United States,,41631,,
ZDGE,Zedge Inc. Class B Common Stock ,$12.1001,-1.2599,-9.43%,163734935.00,,2016,510276,Technology,Computer Software: Prepackaged Software
ZOM,Zomedica Corp. Common Shares,$1.678,-0.122,-6.778%,1631045043.00,United States,2017,44596284,Health Care,Major Pharmaceuticals
